config,mean_dist,median_dist,std
bidir_random,56.582553742038215,60.0,12.919919328421672
orig_struct2seq_l2r,59.5453324044586,62.0,12.816581612919332
